Workbook

Sheet Math
A1: D_Bit_Diameter_mm | B1: D_0 | C1: 1.5 | E1: D_Bit_Diameter_mm | F1: D_0 | G1: 1.5 | I1: D_Bit_Diameter_mm | J1: D_0 | K1: 1.5 | M1: D_Bit_Diameter_mm | N1: D_0 | O1: 1.5
A2: kg/m^3 | B2: Red Oak | C2: 790 | E2: kg/m^3 | F2: Polycarbonate | G2: 1200 | I2: kg/m^3 | J2: Aluminum | K2: 2700 | M2: kg/m^3 | N2: Brass | O2: 8500
A3: Density_g/cm^3 | B3: P_0 | C3: =C2/1000 -> 0.79 | E3: Density_g/cm^3 | F3: P_0 | G3: =G2/1000 -> 1.2 | I3: Density_g/cm^3 | J3: P_0 | K3: =K2/1000 -> 2.7 | M3: Density_g/cm^3 | N3: P_0 | O3: =O2/1000 -> 8.5
A4: RPM | B4: RPM_0 | C4: 20000 | E4: RPM | F4: RPM_0 | G4: 13000 | I4: RPM | J4: RPM_0 | K4: 10000 | M4: RPM | N4: RPM_0 | O4: 9000
A5: Horizontal_Speed | B5: H_0 | C5: 15 | E5: Horizontal_Speed | F5: H_0 | G5: 7 | I5: Horizontal_Speed | J5: H_0 | K5: 3 | M5: Horizontal_Speed | N5: H_0 | O5: 2.5
A6: Vertical_Speed | B6: V_0 | C6: 3 | E6: Vertical_Speed | F6: V_0 | G6: 0.84 | I6: Vertical_Speed | J6: V_0 | K6: 0.21 | M6: Vertical_Speed | N6: V_0 | O6: 0.15
A8: RPM | E8: RPM | I8: RPM | M8: RPM
A9: RPM_0 | B9: =C4 -> 20000 | E9: RPM_0 | F9: =G4 -> 13000 | I9: RPM_0 | J9: =K4 -> 10000 | M9: RPM_0 | N9: =O4 -> 9000
A10: (D_0/D)^a | B10: =(C1/Main!$C$1)^Tables!H4 -> 1.1524761 | E10: (D_0/D)^a | F10: =(G1/Main!$C$1)^Tables!I4 -> 1.2001653 | I10: (D_0/D)^a | J10: =(K1/Main!$C$1)^Tables!J4 -> 1.5 | M10: (D_0/D)^a | N10: =(O1/Main!$C$1)^Tables!K4 -> 1.5
A11: (p_0/p)^b | B11: =(C3/Main!$C$9)^Tables!H5 -> 1.1160317 | E11: (p_0/p)^b | F11: =(G3/Main!$C$9)^Tables!I5 -> 1.0591803 | I11: (p_0/p)^b | J11: =(K3/Main!$C$9)^Tables!J5 -> 1.1030089 | M11: (p_0/p)^b | N11: =(O3/Main!$C$9)^Tables!K5 -> 1.1681047
A12: RPM_0 * (D_0/D)^a * (p_0/p)^b | B12: =B9*B10*B11 -> 25723.998 | E12: RPM_0 * (D_0/D)^a * (p_0/p)^b | F12: =F9*F10*F11 -> 16525.488 | I12: RPM_0 * (D_0/D)^a * (p_0/p)^b | J12: =J9*J10*J11 -> 16545.133 | M12: RPM_0 * (D_0/D)^a * (p_0/p)^b | N12: =N9*N10*N11 -> 15769.413
A14: Horizontal | E14: Horizontal | I14: Horizontal | M14: Horizontal
A15: H_0 | B15: =C5 -> 15 | E15: H_0 | F15: =G5 -> 7 | I15: H_0 | J15: =K5 -> 3 | M15: H_0 | N15: =O5 -> 2.5
A16: (D/D_0)^c | B16: =(Main!$C$1/C1)^Tables!H6 -> 0.70847157 | E16: (D/D_0)^c | F16: =(Main!$C$1/G1)^Tables!I6 -> 0.76831742 | I16: (D/D_0)^c | J16: =(Main!$C$1/K1)^Tables!J6 -> 0.75289796 | M16: (D/D_0)^c | N16: =(Main!$C$1/O1)^Tables!K6 -> 0.76831742
A17: (p_0/p)^d | B17: =(C3/Main!$C$9)^Tables!H7 -> 1.6691311 | E17: (p_0/p)^d | F17: =(G3/Main!$C$9)^Tables!I7 -> 1.2585762 | I17: (p_0/p)^d | J17: =(K3/Main!$C$9)^Tables!J7 -> 1.3419521 | M17: (p_0/p)^d | N17: =(O3/Main!$C$9)^Tables!K7 -> 1.3644686
A18: H_0 * (D/D_0)^c * (p_0/p)^d | B18: =B15*B16*B17 -> 17.737979 | E18: H_0 * (D/D_0)^c * (p_0/p)^d | F18: =F15*F16*F17 -> 6.7689024 | I18: H_0 * (D/D_0)^c * (p_0/p)^d | J18: =J15*J16*J17 -> 3.0310591 | M18: H_0 * (D/D_0)^c * (p_0/p)^d | N18: =N15*N16*N17 -> 2.6208624
A20: Vertical | E20: Vertical | I20: Vertical | M20: Vertical
A21: H | B21: =Main!$B$11 -> 17.737979 | E21: H | F21: =Main!$B$11 -> 17.737979 | I21: H | J21: =Main!$B$11 -> 17.737979 | M21: H | N21: =Main!$B$11 -> 17.737979
A22: P | B22: =Main!$C$6 -> 0.23 | E22: P | F22: =Main!$D$8 -> 0 | I22: P | J22: =Main!$D$8 -> 0 | M22: P | N22: =Main!$D$8 -> 0
A23: H*P | B23: =B21*B22 -> 4.0797352 | E23: H*P | F23: =F21*F22 -> 0 | I23: H*P | J23: =J21*J22 -> 0 | M23: H*P | N23: =N21*N22 -> 0

Sheet Tables
B3: WOOD AVERGAE DENSITIES | C3: KG | D3: Density | H3: Wood | I3: Polycarbonate | J3: Aluminum | K3: Brass | N3: Sample (Enter Calculated)
A4: Softwood | B4: Cedar, Western Red | C4: 370 | D4: 0.37 | G4: a | H4: 0.35 | I4: 0.45 | J4: 1 | K4: 1 | N4: Average (Wood Materials)
B5: Cedar, Yellow | C5: 500 | D5: 0.5 | G5: b | H5: 0.15 | I5: 0.05 | J5: 0.05 | K5: 0.05
B6: Hemlock, Western | C6: 500 | D6: 0.5 | G6: c | H6: 0.85 | I6: 0.65 | J6: 0.7 | K6: 0.65
B7: Fir, Douglas | C7: 530 | D7: 0.53 | G7: d | H7: 0.7 | I7: 0.2 | J7: 0.15 | K7: 0.1
B8: Fir, Silver | C8: 480 | D8: 0.48 | G8: P | H8: 0.18-0.25 | I8: 0.10-0.16 | J8: 0.05-0.1 | K8: 0.04-0.08
B9: Pine, Ponderosa | C9: 480 | D9: 0.48 | G9: EH | H9: 0.19 | I9: 0.1 | J9: 0.05 | K9: 0.04
B10: Pine, Sugar | C10: 420 | D10: 0.42 | G10: H | H10: 0.2 | I10: 0.11 | J10: 0.06 | K10: 0.05
B11: Pine, Western White | C11: 450 | D11: 0.45 | G11: MH | H11: 0.21 | I11: 0.12 | J11: 0.07 | K11: 0.06
B12: Pine, White | C12: 420 | D12: 0.42 | G12: M | H12: 0.22 | I12: 0.13 | J12: 0.08 | K12: 0.07
A13: Hardwood | B13: Alder, Red | C13: 530 | D13: 0.53 | G13: ML | H13: 0.23 | I13: 0.14 | J13: 0.09 | K13: 0.08
B14: Ash, White | C14: 670 | D14: 0.67 | G14: L | H14: 0.24 | I14: 0.15 | J14: 0.1 | K14: 0.09
B15: Balsa | C15: 160 | D15: 0.16 | G15: EL | H15: 0.25 | I15: 0.16 | J15: 0.11 | K15: 0.1
B16: Basswood | C16: 420 | D16: 0.42
B17: Beech | C17: 740 | D17: 0.74
B18: Birch, Paper | C18: 640 | D18: 0.64
B19: Birch, Yellow | C19: 710 | D19: 0.71
B20: Cherry, Black | C20: 580 | D20: 0.58
B21: Chestnut | C21: 480 | D21: 0.48
B22: Elm, White | C22: 580 | D22: 0.58
B23: Hickory | C23: 740 | D23: 0.74
B24: Maple, Hard | C24: 740 | D24: 0.74
B25: Maple, Soft | C25: 630 | D25: 0.63
B26: Oak, Red | C26: 790 | D26: 0.79
B27: Oak, White | C27: 770 | D27: 0.77
... B30: Walnut, Black | C30: 660 | D30: 0.66

Sheet Main
A1: D_Bit_Diameter | B1: mm | C1: 1
A2: Sample_Type | B2: Average (Wood Materials)
A3: Average_kg/m^3 | B3: Pine, White | C3: =_xlfn.XLOOKUP(B3,Tables!B4:B30,Tables!C4:C30) -> 420
A4: Sample_kg/m^3 | B4: Calculated | C4: 380
A5: Material | B5: Wood
A6: Plunge Ratio Level | B6: ML | C6: =IF(B5="Wood",_xlfn.XLOOKUP(B6,Tables!G9:G15,Tables!H9:H15),IF(B5="Polycarbonate",_xlfn.XLOOKUP(B6,Tables!G9:G15,Tables!I9:I15),IF(B5="Aluminum",_xlfn.XLOOKUP(B6,Tables!G9:G15,Tables!J9:J15),IF(B5="Brass",_xlfn.XLOOKUP(B6,Tables!G9:G15,Tables!K9:K15))))) -> 0.23
A9: Density_g/cm^3 | B9: p | C9: =IF(B5="Wood", IF(B2="Average", C3/1000, C4/1000), IF(B5="Polycarbonate",Math!G3, IF(B5="Aluminum",Math!K3, IF(B5="Brass",Math!O3)))) -> 0.38
A11: Horizontal_Speed | B11: =Math!B18 -> 17.737979
A12: Vertical_Speed | B12: =Math!B23 -> 4.0797352
A13: RPM | B13: =Math!B12 -> 25723.998
